{"train/loss": 12.3118, "train/learning_rate": 9.96969696969697e-05, "train/epoch": 0.03, "train/global_step": 1, "_timestamp": 1702054423.894279, "_runtime": 24.30716109275818, "_step": 0}