{"train/loss": 12.162, "train/learning_rate": 9e-05, "train/epoch": 1.0, "train/global_step": 33, "_timestamp": 1702052595.5043, "_runtime": 103.66177821159363, "_step": 2, "eval/loss": 12.151200294494629, "eval/Atelectasis": 0.3225806451612903, "eval/Cardiomegaly": 0.9354838709677419, "eval/Consolidation": 0.967741935483871, "eval/Edema": 0.06451612903225806, "eval/Enlarged Cardiomediastinum": 0.7419354838709677, "eval/Fracture": 1.0, "eval/Lung Lesion": 1.0, "eval/Lung Opacity": 0.16129032258064516, "eval/No Finding": 0.5161290322580645, "eval/Pleural Effusion": 0.5161290322580645, "eval/Pleural Other": 1.0, "eval/Pneumonia": 0.06451612903225806, "eval/Pneumothorax": 1.0, "eval/Support Devices": 0.967741935483871, "eval/Average": 0.6612903225806451, "eval/runtime": 5.2012, "eval/samples_per_second": 5.96, "eval/steps_per_second": 0.769, "_wandb": {"runtime": 164}}