{"train/loss": 12.3701, "train/learning_rate": 9.96969696969697e-05, "train/epoch": 0.03, "train/global_step": 1, "_timestamp": 1702054920.716266, "_runtime": 18.869246006011963, "_step": 0}