{"train/loss": 12.1504, "train/learning_rate": 9e-05, "train/epoch": 1.0, "train/global_step": 33, "_timestamp": 1702052800.249334, "_runtime": 130.69745302200317, "_step": 2, "eval/loss": 12.123772621154785, "eval/Atelectasis": 0.7741935483870968, "eval/Cardiomegaly": 0.9354838709677419, "eval/Consolidation": 0.967741935483871, "eval/Edema": 0.8064516129032258, "eval/Enlarged Cardiomediastinum": 0.967741935483871, "eval/Fracture": 1.0, "eval/Lung Lesion": 1.0, "eval/Lung Opacity": 0.9032258064516129, "eval/No Finding": 0.5161290322580645, "eval/Pleural Effusion": 0.4838709677419355, "eval/Pleural Other": 1.0, "eval/Pneumonia": 0.06451612903225806, "eval/Pneumothorax": 1.0, "eval/Support Devices": 0.967741935483871, "eval/Average": 0.8133640552995391, "eval/runtime": 7.9536, "eval/samples_per_second": 3.898, "eval/steps_per_second": 0.503, "_wandb": {"runtime": 254}}