{"train/loss": 12.3043, "train/learning_rate": 9.96969696969697e-05, "train/epoch": 0.03, "train/global_step": 1, "_timestamp": 1702056821.7121332, "_runtime": 47.840872287750244, "_step": 0}