{"train/loss": 12.3221, "train/learning_rate": 9.96969696969697e-05, "train/epoch": 0.03, "train/global_step": 1, "_timestamp": 1702055014.845941, "_runtime": 17.489720106124878, "_step": 0}