{"train/loss": 12.3204, "train/learning_rate": 9.96969696969697e-05, "train/epoch": 0.03, "train/global_step": 1, "_timestamp": 1702054319.6104681, "_runtime": 13.421375036239624, "_step": 0, "_wandb": {"runtime": 86}}